Source Domain,Target URL,Detected Keyword,Relevance Score
addis-techblog.de,https://addis-techblog.de/it/smarthome,home,0.16
addis-techblog.de,https://addis-techblog.de/it/hardware,war,0.16
addis-techblog.de,https://addis-techblog.de/it/software,war,0.16
internetblogger.de,https://internetblogger.de/2026/05/jumia-technologies-aktie-wkn-a2pgzm-warum-die-aktie-nach-dem-kurssprung-wieder-gefallen-ist,war,0.16
internetblogger.de,https://internetblogger.de/2026/05/ebay-aktualisiert-die-zahlungsbedingungen-das-musst-du-wissen,ahl,0.16
autotjaliikenne.fi,https://autotjaliikenne.fi/tahtiautot-esittelyssa-unohtumattomimmat-tvsta-tutut-autot,mma,0.16
autotjaliikenne.fi,https://autotjaliikenne.fi/live-vedonlyonti-ja-moottoriurheilu,live,0.16
companionlink.com,https://companionlink.com/goldmine,gold,0.16
deutsche-staedte.de,https://deutsche-staedte.de/bergstrasse/weinbaugebiet.php?start=5,nba,0.16
